unique_id,ds,Naive,SeasonalNaive
hotel_0,2023-06-03,0.691358024691358,0.9753086419753086
hotel_0,2023-06-04,0.691358024691358,0.8888888888888888
hotel_0,2023-06-05,0.691358024691358,0.2716049382716049
hotel_0,2023-06-06,0.691358024691358,0.2962962962962963
hotel_0,2023-06-07,0.691358024691358,0.3950617283950617
hotel_0,2023-06-08,0.691358024691358,0.43209876543209874
hotel_0,2023-06-09,0.691358024691358,0.691358024691358
hotel_0,2023-06-10,0.691358024691358,0.9753086419753086
hotel_0,2023-06-11,0.691358024691358,0.8888888888888888
hotel_0,2023-06-12,0.691358024691358,0.2716049382716049
hotel_0,2023-06-13,0.691358024691358,0.2962962962962963
hotel_0,2023-06-14,0.691358024691358,0.3950617283950617
hotel_0,2023-06-15,0.691358024691358,0.43209876543209874
hotel_0,2023-06-16,0.691358024691358,0.691358024691358
hotel_0,2023-06-17,0.691358024691358,0.9753086419753086
hotel_0,2023-06-18,0.691358024691358,0.8888888888888888
hotel_0,2023-06-19,0.691358024691358,0.2716049382716049
hotel_0,2023-06-20,0.691358024691358,0.2962962962962963
hotel_0,2023-06-21,0.691358024691358,0.3950617283950617
hotel_0,2023-06-22,0.691358024691358,0.43209876543209874
hotel_0,2023-06-23,0.691358024691358,0.691358024691358
hotel_0,2023-06-24,0.691358024691358,0.9753086419753086
hotel_0,2023-06-25,0.691358024691358,0.8888888888888888
hotel_0,2023-06-26,0.691358024691358,0.2716049382716049
hotel_0,2023-06-27,0.691358024691358,0.2962962962962963
hotel_0,2023-06-28,0.691358024691358,0.3950617283950617
hotel_0,2023-06-29,0.691358024691358,0.43209876543209874
hotel_0,2023-06-30,0.691358024691358,0.691358024691358
hotel_105,2023-06-03,0.949685534591195,1.0
hotel_105,2023-06-04,0.949685534591195,0.9056603773584906
hotel_105,2023-06-05,0.949685534591195,0.9182389937106918
hotel_105,2023-06-06,0.949685534591195,0.9748427672955975
hotel_105,2023-06-07,0.949685534591195,1.0125786163522013
hotel_105,2023-06-08,0.949685534591195,0.8930817610062893
hotel_105,2023-06-09,0.949685534591195,0.949685534591195
hotel_105,2023-06-10,0.949685534591195,1.0
hotel_105,2023-06-11,0.949685534591195,0.9056603773584906
hotel_105,2023-06-12,0.949685534591195,0.9182389937106918
hotel_105,2023-06-13,0.949685534591195,0.9748427672955975
hotel_105,2023-06-14,0.949685534591195,1.0125786163522013
hotel_105,2023-06-15,0.949685534591195,0.8930817610062893
hotel_105,2023-06-16,0.949685534591195,0.949685534591195
hotel_105,2023-06-17,0.949685534591195,1.0
hotel_105,2023-06-18,0.949685534591195,0.9056603773584906
hotel_105,2023-06-19,0.949685534591195,0.9182389937106918
hotel_105,2023-06-20,0.949685534591195,0.9748427672955975
hotel_105,2023-06-21,0.949685534591195,1.0125786163522013
hotel_105,2023-06-22,0.949685534591195,0.8930817610062893
hotel_105,2023-06-23,0.949685534591195,0.949685534591195
hotel_105,2023-06-24,0.949685534591195,1.0
hotel_105,2023-06-25,0.949685534591195,0.9056603773584906
hotel_105,2023-06-26,0.949685534591195,0.9182389937106918
hotel_105,2023-06-27,0.949685534591195,0.9748427672955975
hotel_105,2023-06-28,0.949685534591195,1.0125786163522013
hotel_105,2023-06-29,0.949685534591195,0.8930817610062893
hotel_105,2023-06-30,0.949685534591195,0.949685534591195
hotel_112,2023-06-03,0.75625,1.0125
hotel_112,2023-06-04,0.75625,0.93125
hotel_112,2023-06-05,0.75625,0.9375
hotel_112,2023-06-06,0.75625,0.7875
hotel_112,2023-06-07,0.75625,0.98125
hotel_112,2023-06-08,0.75625,0.75
hotel_112,2023-06-09,0.75625,0.75625
hotel_112,2023-06-10,0.75625,1.0125
hotel_112,2023-06-11,0.75625,0.93125
hotel_112,2023-06-12,0.75625,0.9375
hotel_112,2023-06-13,0.75625,0.7875
hotel_112,2023-06-14,0.75625,0.98125
hotel_112,2023-06-15,0.75625,0.75
hotel_112,2023-06-16,0.75625,0.75625
hotel_112,2023-06-17,0.75625,1.0125
hotel_112,2023-06-18,0.75625,0.93125
hotel_112,2023-06-19,0.75625,0.9375
hotel_112,2023-06-20,0.75625,0.7875
hotel_112,2023-06-21,0.75625,0.98125
hotel_112,2023-06-22,0.75625,0.75
hotel_112,2023-06-23,0.75625,0.75625
hotel_112,2023-06-24,0.75625,1.0125
hotel_112,2023-06-25,0.75625,0.93125
hotel_112,2023-06-26,0.75625,0.9375
hotel_112,2023-06-27,0.75625,0.7875
hotel_112,2023-06-28,0.75625,0.98125
hotel_112,2023-06-29,0.75625,0.75
hotel_112,2023-06-30,0.75625,0.75625
hotel_126,2023-06-03,1.00398406374502,1.0079681274900398
hotel_126,2023-06-04,1.00398406374502,0.9880478087649402
hotel_126,2023-06-05,1.00398406374502,0.9641434262948207
hotel_126,2023-06-06,1.00398406374502,0.9641434262948207
hotel_126,2023-06-07,1.00398406374502,1.00398406374502
hotel_126,2023-06-08,1.00398406374502,0.8047808764940239
hotel_126,2023-06-09,1.00398406374502,1.00398406374502
hotel_126,2023-06-10,1.00398406374502,1.0079681274900398
hotel_126,2023-06-11,1.00398406374502,0.9880478087649402
hotel_126,2023-06-12,1.00398406374502,0.9641434262948207
hotel_126,2023-06-13,1.00398406374502,0.9641434262948207
hotel_126,2023-06-14,1.00398406374502,1.00398406374502
hotel_126,2023-06-15,1.00398406374502,0.8047808764940239
hotel_126,2023-06-16,1.00398406374502,1.00398406374502
hotel_126,2023-06-17,1.00398406374502,1.0079681274900398
hotel_126,2023-06-18,1.00398406374502,0.9880478087649402
hotel_126,2023-06-19,1.00398406374502,0.9641434262948207
hotel_126,2023-06-20,1.00398406374502,0.9641434262948207
hotel_126,2023-06-21,1.00398406374502,1.00398406374502
hotel_126,2023-06-22,1.00398406374502,0.8047808764940239
hotel_126,2023-06-23,1.00398406374502,1.00398406374502
hotel_126,2023-06-24,1.00398406374502,1.0079681274900398
hotel_126,2023-06-25,1.00398406374502,0.9880478087649402
hotel_126,2023-06-26,1.00398406374502,0.9641434262948207
hotel_126,2023-06-27,1.00398406374502,0.9641434262948207
hotel_126,2023-06-28,1.00398406374502,1.00398406374502
hotel_126,2023-06-29,1.00398406374502,0.8047808764940239
hotel_126,2023-06-30,1.00398406374502,1.00398406374502
hotel_133,2023-06-03,0.9836065573770492,1.0
hotel_133,2023-06-04,0.9836065573770492,0.9016393442622951
hotel_133,2023-06-05,0.9836065573770492,0.8524590163934426
hotel_133,2023-06-06,0.9836065573770492,0.8688524590163934
hotel_133,2023-06-07,0.9836065573770492,1.0
hotel_133,2023-06-08,0.9836065573770492,1.0
hotel_133,2023-06-09,0.9836065573770492,0.9836065573770492
hotel_133,2023-06-10,0.9836065573770492,1.0
hotel_133,2023-06-11,0.9836065573770492,0.9016393442622951
hotel_133,2023-06-12,0.9836065573770492,0.8524590163934426
hotel_133,2023-06-13,0.9836065573770492,0.8688524590163934
hotel_133,2023-06-14,0.9836065573770492,1.0
hotel_133,2023-06-15,0.9836065573770492,1.0
hotel_133,2023-06-16,0.9836065573770492,0.9836065573770492
hotel_133,2023-06-17,0.9836065573770492,1.0
hotel_133,2023-06-18,0.9836065573770492,0.9016393442622951
hotel_133,2023-06-19,0.9836065573770492,0.8524590163934426
hotel_133,2023-06-20,0.9836065573770492,0.8688524590163934
hotel_133,2023-06-21,0.9836065573770492,1.0
hotel_133,2023-06-22,0.9836065573770492,1.0
hotel_133,2023-06-23,0.9836065573770492,0.9836065573770492
hotel_133,2023-06-24,0.9836065573770492,1.0
hotel_133,2023-06-25,0.9836065573770492,0.9016393442622951
hotel_133,2023-06-26,0.9836065573770492,0.8524590163934426
hotel_133,2023-06-27,0.9836065573770492,0.8688524590163934
hotel_133,2023-06-28,0.9836065573770492,1.0
hotel_133,2023-06-29,0.9836065573770492,1.0
hotel_133,2023-06-30,0.9836065573770492,0.9836065573770492
hotel_14,2023-06-03,0.5660377358490566,0.6981132075471698
hotel_14,2023-06-04,0.5660377358490566,0.4811320754716981
hotel_14,2023-06-05,0.5660377358490566,0.37735849056603776
hotel_14,2023-06-06,0.5660377358490566,0.49056603773584906
hotel_14,2023-06-07,0.5660377358490566,0.5471698113207547
hotel_14,2023-06-08,0.5660377358490566,0.5188679245283019
hotel_14,2023-06-09,0.5660377358490566,0.5660377358490566
hotel_14,2023-06-10,0.5660377358490566,0.6981132075471698
hotel_14,2023-06-11,0.5660377358490566,0.4811320754716981
hotel_14,2023-06-12,0.5660377358490566,0.37735849056603776
hotel_14,2023-06-13,0.5660377358490566,0.49056603773584906
hotel_14,2023-06-14,0.5660377358490566,0.5471698113207547
hotel_14,2023-06-15,0.5660377358490566,0.5188679245283019
hotel_14,2023-06-16,0.5660377358490566,0.5660377358490566
hotel_14,2023-06-17,0.5660377358490566,0.6981132075471698
hotel_14,2023-06-18,0.5660377358490566,0.4811320754716981
hotel_14,2023-06-19,0.5660377358490566,0.37735849056603776
hotel_14,2023-06-20,0.5660377358490566,0.49056603773584906
hotel_14,2023-06-21,0.5660377358490566,0.5471698113207547
hotel_14,2023-06-22,0.5660377358490566,0.5188679245283019
hotel_14,2023-06-23,0.5660377358490566,0.5660377358490566
hotel_14,2023-06-24,0.5660377358490566,0.6981132075471698
hotel_14,2023-06-25,0.5660377358490566,0.4811320754716981
hotel_14,2023-06-26,0.5660377358490566,0.37735849056603776
hotel_14,2023-06-27,0.5660377358490566,0.49056603773584906
hotel_14,2023-06-28,0.5660377358490566,0.5471698113207547
hotel_14,2023-06-29,0.5660377358490566,0.5188679245283019
hotel_14,2023-06-30,0.5660377358490566,0.5660377358490566
hotel_21,2023-06-03,1.0,1.0092592592592593
hotel_21,2023-06-04,1.0,1.0046296296296295
hotel_21,2023-06-05,1.0,0.75
hotel_21,2023-06-06,1.0,0.75
hotel_21,2023-06-07,1.0,0.8981481481481481
hotel_21,2023-06-08,1.0,0.9444444444444444
hotel_21,2023-06-09,1.0,1.0
hotel_21,2023-06-10,1.0,1.0092592592592593
hotel_21,2023-06-11,1.0,1.0046296296296295
hotel_21,2023-06-12,1.0,0.75
hotel_21,2023-06-13,1.0,0.75
hotel_21,2023-06-14,1.0,0.8981481481481481
hotel_21,2023-06-15,1.0,0.9444444444444444
hotel_21,2023-06-16,1.0,1.0
hotel_21,2023-06-17,1.0,1.0092592592592593
hotel_21,2023-06-18,1.0,1.0046296296296295
hotel_21,2023-06-19,1.0,0.75
hotel_21,2023-06-20,1.0,0.75
hotel_21,2023-06-21,1.0,0.8981481481481481
hotel_21,2023-06-22,1.0,0.9444444444444444
hotel_21,2023-06-23,1.0,1.0
hotel_21,2023-06-24,1.0,1.0092592592592593
hotel_21,2023-06-25,1.0,1.0046296296296295
hotel_21,2023-06-26,1.0,0.75
hotel_21,2023-06-27,1.0,0.75
hotel_21,2023-06-28,1.0,0.8981481481481481
hotel_21,2023-06-29,1.0,0.9444444444444444
hotel_21,2023-06-30,1.0,1.0
hotel_28,2023-06-03,0.0,0.0
hotel_28,2023-06-04,0.0,0.0
hotel_28,2023-06-05,0.0,0.0
hotel_28,2023-06-06,0.0,0.0
hotel_28,2023-06-07,0.0,0.0
hotel_28,2023-06-08,0.0,0.0
hotel_28,2023-06-09,0.0,0.0
hotel_28,2023-06-10,0.0,0.0
hotel_28,2023-06-11,0.0,0.0
hotel_28,2023-06-12,0.0,0.0
hotel_28,2023-06-13,0.0,0.0
hotel_28,2023-06-14,0.0,0.0
hotel_28,2023-06-15,0.0,0.0
hotel_28,2023-06-16,0.0,0.0
hotel_28,2023-06-17,0.0,0.0
hotel_28,2023-06-18,0.0,0.0
hotel_28,2023-06-19,0.0,0.0
hotel_28,2023-06-20,0.0,0.0
hotel_28,2023-06-21,0.0,0.0
hotel_28,2023-06-22,0.0,0.0
hotel_28,2023-06-23,0.0,0.0
hotel_28,2023-06-24,0.0,0.0
hotel_28,2023-06-25,0.0,0.0
hotel_28,2023-06-26,0.0,0.0
hotel_28,2023-06-27,0.0,0.0
hotel_28,2023-06-28,0.0,0.0
hotel_28,2023-06-29,0.0,0.0
hotel_28,2023-06-30,0.0,0.0
hotel_35,2023-06-03,0.55078125,0.515625
hotel_35,2023-06-04,0.55078125,0.6015625
hotel_35,2023-06-05,0.55078125,0.654296875
hotel_35,2023-06-06,0.55078125,0.63671875
hotel_35,2023-06-07,0.55078125,0.529296875
hotel_35,2023-06-08,0.55078125,0.53125
hotel_35,2023-06-09,0.55078125,0.55078125
hotel_35,2023-06-10,0.55078125,0.515625
hotel_35,2023-06-11,0.55078125,0.6015625
hotel_35,2023-06-12,0.55078125,0.654296875
hotel_35,2023-06-13,0.55078125,0.63671875
hotel_35,2023-06-14,0.55078125,0.529296875
hotel_35,2023-06-15,0.55078125,0.53125
hotel_35,2023-06-16,0.55078125,0.55078125
hotel_35,2023-06-17,0.55078125,0.515625
hotel_35,2023-06-18,0.55078125,0.6015625
hotel_35,2023-06-19,0.55078125,0.654296875
hotel_35,2023-06-20,0.55078125,0.63671875
hotel_35,2023-06-21,0.55078125,0.529296875
hotel_35,2023-06-22,0.55078125,0.53125
hotel_35,2023-06-23,0.55078125,0.55078125
hotel_35,2023-06-24,0.55078125,0.515625
hotel_35,2023-06-25,0.55078125,0.6015625
hotel_35,2023-06-26,0.55078125,0.654296875
hotel_35,2023-06-27,0.55078125,0.63671875
hotel_35,2023-06-28,0.55078125,0.529296875
hotel_35,2023-06-29,0.55078125,0.53125
hotel_35,2023-06-30,0.55078125,0.55078125
hotel_42,2023-06-03,0.5789473684210527,1.0
hotel_42,2023-06-04,0.5789473684210527,0.9959514170040485
hotel_42,2023-06-05,0.5789473684210527,0.21862348178137653
hotel_42,2023-06-06,0.5789473684210527,0.25101214574898784
hotel_42,2023-06-07,0.5789473684210527,0.27530364372469635
hotel_42,2023-06-08,0.5789473684210527,0.30364372469635625
hotel_42,2023-06-09,0.5789473684210527,0.5789473684210527
hotel_42,2023-06-10,0.5789473684210527,1.0
hotel_42,2023-06-11,0.5789473684210527,0.9959514170040485
hotel_42,2023-06-12,0.5789473684210527,0.21862348178137653
hotel_42,2023-06-13,0.5789473684210527,0.25101214574898784
hotel_42,2023-06-14,0.5789473684210527,0.27530364372469635
hotel_42,2023-06-15,0.5789473684210527,0.30364372469635625
hotel_42,2023-06-16,0.5789473684210527,0.5789473684210527
hotel_42,2023-06-17,0.5789473684210527,1.0
hotel_42,2023-06-18,0.5789473684210527,0.9959514170040485
hotel_42,2023-06-19,0.5789473684210527,0.21862348178137653
hotel_42,2023-06-20,0.5789473684210527,0.25101214574898784
hotel_42,2023-06-21,0.5789473684210527,0.27530364372469635
hotel_42,2023-06-22,0.5789473684210527,0.30364372469635625
hotel_42,2023-06-23,0.5789473684210527,0.5789473684210527
hotel_42,2023-06-24,0.5789473684210527,1.0
hotel_42,2023-06-25,0.5789473684210527,0.9959514170040485
hotel_42,2023-06-26,0.5789473684210527,0.21862348178137653
hotel_42,2023-06-27,0.5789473684210527,0.25101214574898784
hotel_42,2023-06-28,0.5789473684210527,0.27530364372469635
hotel_42,2023-06-29,0.5789473684210527,0.30364372469635625
hotel_42,2023-06-30,0.5789473684210527,0.5789473684210527
hotel_49,2023-06-03,0.7336244541484717,0.6026200873362445
hotel_49,2023-06-04,0.7336244541484717,0.5982532751091703
hotel_49,2023-06-05,0.7336244541484717,0.4585152838427948
hotel_49,2023-06-06,0.7336244541484717,0.5327510917030568
hotel_49,2023-06-07,0.7336244541484717,0.611353711790393
hotel_49,2023-06-08,0.7336244541484717,0.6637554585152838
hotel_49,2023-06-09,0.7336244541484717,0.7336244541484717
hotel_49,2023-06-10,0.7336244541484717,0.6026200873362445
hotel_49,2023-06-11,0.7336244541484717,0.5982532751091703
hotel_49,2023-06-12,0.7336244541484717,0.4585152838427948
hotel_49,2023-06-13,0.7336244541484717,0.5327510917030568
hotel_49,2023-06-14,0.7336244541484717,0.611353711790393
hotel_49,2023-06-15,0.7336244541484717,0.6637554585152838
hotel_49,2023-06-16,0.7336244541484717,0.7336244541484717
hotel_49,2023-06-17,0.7336244541484717,0.6026200873362445
hotel_49,2023-06-18,0.7336244541484717,0.5982532751091703
hotel_49,2023-06-19,0.7336244541484717,0.4585152838427948
hotel_49,2023-06-20,0.7336244541484717,0.5327510917030568
hotel_49,2023-06-21,0.7336244541484717,0.611353711790393
hotel_49,2023-06-22,0.7336244541484717,0.6637554585152838
hotel_49,2023-06-23,0.7336244541484717,0.7336244541484717
hotel_49,2023-06-24,0.7336244541484717,0.6026200873362445
hotel_49,2023-06-25,0.7336244541484717,0.5982532751091703
hotel_49,2023-06-26,0.7336244541484717,0.4585152838427948
hotel_49,2023-06-27,0.7336244541484717,0.5327510917030568
hotel_49,2023-06-28,0.7336244541484717,0.611353711790393
hotel_49,2023-06-29,0.7336244541484717,0.6637554585152838
hotel_49,2023-06-30,0.7336244541484717,0.7336244541484717
hotel_56,2023-06-03,0.9416666666666667,1.0083333333333333
hotel_56,2023-06-04,0.9416666666666667,0.975
hotel_56,2023-06-05,0.9416666666666667,0.6
hotel_56,2023-06-06,0.9416666666666667,0.8333333333333334
hotel_56,2023-06-07,0.9416666666666667,0.85
hotel_56,2023-06-08,0.9416666666666667,0.8583333333333333
hotel_56,2023-06-09,0.9416666666666667,0.9416666666666667
hotel_56,2023-06-10,0.9416666666666667,1.0083333333333333
hotel_56,2023-06-11,0.9416666666666667,0.975
hotel_56,2023-06-12,0.9416666666666667,0.6
hotel_56,2023-06-13,0.9416666666666667,0.8333333333333334
hotel_56,2023-06-14,0.9416666666666667,0.85
hotel_56,2023-06-15,0.9416666666666667,0.8583333333333333
hotel_56,2023-06-16,0.9416666666666667,0.9416666666666667
hotel_56,2023-06-17,0.9416666666666667,1.0083333333333333
hotel_56,2023-06-18,0.9416666666666667,0.975
hotel_56,2023-06-19,0.9416666666666667,0.6
hotel_56,2023-06-20,0.9416666666666667,0.8333333333333334
hotel_56,2023-06-21,0.9416666666666667,0.85
hotel_56,2023-06-22,0.9416666666666667,0.8583333333333333
hotel_56,2023-06-23,0.9416666666666667,0.9416666666666667
hotel_56,2023-06-24,0.9416666666666667,1.0083333333333333
hotel_56,2023-06-25,0.9416666666666667,0.975
hotel_56,2023-06-26,0.9416666666666667,0.6
hotel_56,2023-06-27,0.9416666666666667,0.8333333333333334
hotel_56,2023-06-28,0.9416666666666667,0.85
hotel_56,2023-06-29,0.9416666666666667,0.8583333333333333
hotel_56,2023-06-30,0.9416666666666667,0.9416666666666667
hotel_63,2023-06-03,0.7111111111111111,0.9644444444444444
hotel_63,2023-06-04,0.7111111111111111,0.9288888888888889
hotel_63,2023-06-05,0.7111111111111111,0.5244444444444445
hotel_63,2023-06-06,0.7111111111111111,0.6311111111111111
hotel_63,2023-06-07,0.7111111111111111,0.6488888888888888
hotel_63,2023-06-08,0.7111111111111111,0.6888888888888889
hotel_63,2023-06-09,0.7111111111111111,0.7111111111111111
hotel_63,2023-06-10,0.7111111111111111,0.9644444444444444
hotel_63,2023-06-11,0.7111111111111111,0.9288888888888889
hotel_63,2023-06-12,0.7111111111111111,0.5244444444444445
hotel_63,2023-06-13,0.7111111111111111,0.6311111111111111
hotel_63,2023-06-14,0.7111111111111111,0.6488888888888888
hotel_63,2023-06-15,0.7111111111111111,0.6888888888888889
hotel_63,2023-06-16,0.7111111111111111,0.7111111111111111
hotel_63,2023-06-17,0.7111111111111111,0.9644444444444444
hotel_63,2023-06-18,0.7111111111111111,0.9288888888888889
hotel_63,2023-06-19,0.7111111111111111,0.5244444444444445
hotel_63,2023-06-20,0.7111111111111111,0.6311111111111111
hotel_63,2023-06-21,0.7111111111111111,0.6488888888888888
hotel_63,2023-06-22,0.7111111111111111,0.6888888888888889
hotel_63,2023-06-23,0.7111111111111111,0.7111111111111111
hotel_63,2023-06-24,0.7111111111111111,0.9644444444444444
hotel_63,2023-06-25,0.7111111111111111,0.9288888888888889
hotel_63,2023-06-26,0.7111111111111111,0.5244444444444445
hotel_63,2023-06-27,0.7111111111111111,0.6311111111111111
hotel_63,2023-06-28,0.7111111111111111,0.6488888888888888
hotel_63,2023-06-29,0.7111111111111111,0.6888888888888889
hotel_63,2023-06-30,0.7111111111111111,0.7111111111111111
hotel_7,2023-06-03,0.8094462540716613,0.750814332247557
hotel_7,2023-06-04,0.8094462540716613,0.7785016286644951
hotel_7,2023-06-05,0.8094462540716613,0.6237785016286646
hotel_7,2023-06-06,0.8094462540716613,0.6270358306188925
hotel_7,2023-06-07,0.8094462540716613,0.6449511400651465
hotel_7,2023-06-08,0.8094462540716613,0.7980456026058632
hotel_7,2023-06-09,0.8094462540716613,0.8094462540716613
hotel_7,2023-06-10,0.8094462540716613,0.750814332247557
hotel_7,2023-06-11,0.8094462540716613,0.7785016286644951
hotel_7,2023-06-12,0.8094462540716613,0.6237785016286646
hotel_7,2023-06-13,0.8094462540716613,0.6270358306188925
hotel_7,2023-06-14,0.8094462540716613,0.6449511400651465
hotel_7,2023-06-15,0.8094462540716613,0.7980456026058632
hotel_7,2023-06-16,0.8094462540716613,0.8094462540716613
hotel_7,2023-06-17,0.8094462540716613,0.750814332247557
hotel_7,2023-06-18,0.8094462540716613,0.7785016286644951
hotel_7,2023-06-19,0.8094462540716613,0.6237785016286646
hotel_7,2023-06-20,0.8094462540716613,0.6270358306188925
hotel_7,2023-06-21,0.8094462540716613,0.6449511400651465
hotel_7,2023-06-22,0.8094462540716613,0.7980456026058632
hotel_7,2023-06-23,0.8094462540716613,0.8094462540716613
hotel_7,2023-06-24,0.8094462540716613,0.750814332247557
hotel_7,2023-06-25,0.8094462540716613,0.7785016286644951
hotel_7,2023-06-26,0.8094462540716613,0.6237785016286646
hotel_7,2023-06-27,0.8094462540716613,0.6270358306188925
hotel_7,2023-06-28,0.8094462540716613,0.6449511400651465
hotel_7,2023-06-29,0.8094462540716613,0.7980456026058632
hotel_7,2023-06-30,0.8094462540716613,0.8094462540716613
hotel_70,2023-06-03,0.5657894736842105,0.41228070175438597
hotel_70,2023-06-04,0.5657894736842105,0.4298245614035088
hotel_70,2023-06-05,0.5657894736842105,0.2543859649122807
hotel_70,2023-06-06,0.5657894736842105,0.35964912280701755
hotel_70,2023-06-07,0.5657894736842105,0.4868421052631579
hotel_70,2023-06-08,0.5657894736842105,0.5964912280701754
hotel_70,2023-06-09,0.5657894736842105,0.5657894736842105
hotel_70,2023-06-10,0.5657894736842105,0.41228070175438597
hotel_70,2023-06-11,0.5657894736842105,0.4298245614035088
hotel_70,2023-06-12,0.5657894736842105,0.2543859649122807
hotel_70,2023-06-13,0.5657894736842105,0.35964912280701755
hotel_70,2023-06-14,0.5657894736842105,0.4868421052631579
hotel_70,2023-06-15,0.5657894736842105,0.5964912280701754
hotel_70,2023-06-16,0.5657894736842105,0.5657894736842105
hotel_70,2023-06-17,0.5657894736842105,0.41228070175438597
hotel_70,2023-06-18,0.5657894736842105,0.4298245614035088
hotel_70,2023-06-19,0.5657894736842105,0.2543859649122807
hotel_70,2023-06-20,0.5657894736842105,0.35964912280701755
hotel_70,2023-06-21,0.5657894736842105,0.4868421052631579
hotel_70,2023-06-22,0.5657894736842105,0.5964912280701754
hotel_70,2023-06-23,0.5657894736842105,0.5657894736842105
hotel_70,2023-06-24,0.5657894736842105,0.41228070175438597
hotel_70,2023-06-25,0.5657894736842105,0.4298245614035088
hotel_70,2023-06-26,0.5657894736842105,0.2543859649122807
hotel_70,2023-06-27,0.5657894736842105,0.35964912280701755
hotel_70,2023-06-28,0.5657894736842105,0.4868421052631579
hotel_70,2023-06-29,0.5657894736842105,0.5964912280701754
hotel_70,2023-06-30,0.5657894736842105,0.5657894736842105
hotel_77,2022-12-27,0.0,0.0
hotel_77,2022-12-28,0.0,0.0
hotel_77,2022-12-29,0.0,0.0
hotel_77,2022-12-30,0.0,0.0
hotel_77,2022-12-31,0.0,0.0
hotel_77,2023-01-01,0.0,0.0
hotel_77,2023-01-02,0.0,0.0
hotel_77,2023-01-03,0.0,0.0
hotel_77,2023-01-04,0.0,0.0
hotel_77,2023-01-05,0.0,0.0
hotel_77,2023-01-06,0.0,0.0
hotel_77,2023-01-07,0.0,0.0
hotel_77,2023-01-08,0.0,0.0
hotel_77,2023-01-09,0.0,0.0
hotel_77,2023-01-10,0.0,0.0
hotel_77,2023-01-11,0.0,0.0
hotel_77,2023-01-12,0.0,0.0
hotel_77,2023-01-13,0.0,0.0
hotel_77,2023-01-14,0.0,0.0
hotel_77,2023-01-15,0.0,0.0
hotel_77,2023-01-16,0.0,0.0
hotel_77,2023-01-17,0.0,0.0
hotel_77,2023-01-18,0.0,0.0
hotel_77,2023-01-19,0.0,0.0
hotel_77,2023-01-20,0.0,0.0
hotel_77,2023-01-21,0.0,0.0
hotel_77,2023-01-22,0.0,0.0
hotel_77,2023-01-23,0.0,0.0
hotel_84,2023-06-03,0.9273356401384083,0.8719723183391004
hotel_84,2023-06-04,0.9273356401384083,0.8477508650519031
hotel_84,2023-06-05,0.9273356401384083,0.6539792387543253
hotel_84,2023-06-06,0.9273356401384083,0.6124567474048442
hotel_84,2023-06-07,0.9273356401384083,0.657439446366782
hotel_84,2023-06-08,0.9273356401384083,0.740484429065744
hotel_84,2023-06-09,0.9273356401384083,0.9273356401384083
hotel_84,2023-06-10,0.9273356401384083,0.8719723183391004
hotel_84,2023-06-11,0.9273356401384083,0.8477508650519031
hotel_84,2023-06-12,0.9273356401384083,0.6539792387543253
hotel_84,2023-06-13,0.9273356401384083,0.6124567474048442
hotel_84,2023-06-14,0.9273356401384083,0.657439446366782
hotel_84,2023-06-15,0.9273356401384083,0.740484429065744
hotel_84,2023-06-16,0.9273356401384083,0.9273356401384083
hotel_84,2023-06-17,0.9273356401384083,0.8719723183391004
hotel_84,2023-06-18,0.9273356401384083,0.8477508650519031
hotel_84,2023-06-19,0.9273356401384083,0.6539792387543253
hotel_84,2023-06-20,0.9273356401384083,0.6124567474048442
hotel_84,2023-06-21,0.9273356401384083,0.657439446366782
hotel_84,2023-06-22,0.9273356401384083,0.740484429065744
hotel_84,2023-06-23,0.9273356401384083,0.9273356401384083
hotel_84,2023-06-24,0.9273356401384083,0.8719723183391004
hotel_84,2023-06-25,0.9273356401384083,0.8477508650519031
hotel_84,2023-06-26,0.9273356401384083,0.6539792387543253
hotel_84,2023-06-27,0.9273356401384083,0.6124567474048442
hotel_84,2023-06-28,0.9273356401384083,0.657439446366782
hotel_84,2023-06-29,0.9273356401384083,0.740484429065744
hotel_84,2023-06-30,0.9273356401384083,0.9273356401384083
hotel_91,2023-06-03,0.9662921348314607,1.0674157303370786
hotel_91,2023-06-04,0.9662921348314607,1.0112359550561798
hotel_91,2023-06-05,0.9662921348314607,0.5617977528089888
hotel_91,2023-06-06,0.9662921348314607,0.9775280898876404
hotel_91,2023-06-07,0.9662921348314607,1.0
hotel_91,2023-06-08,0.9662921348314607,0.9550561797752809
hotel_91,2023-06-09,0.9662921348314607,0.9662921348314607
hotel_91,2023-06-10,0.9662921348314607,1.0674157303370786
hotel_91,2023-06-11,0.9662921348314607,1.0112359550561798
hotel_91,2023-06-12,0.9662921348314607,0.5617977528089888
hotel_91,2023-06-13,0.9662921348314607,0.9775280898876404
hotel_91,2023-06-14,0.9662921348314607,1.0
hotel_91,2023-06-15,0.9662921348314607,0.9550561797752809
hotel_91,2023-06-16,0.9662921348314607,0.9662921348314607
hotel_91,2023-06-17,0.9662921348314607,1.0674157303370786
hotel_91,2023-06-18,0.9662921348314607,1.0112359550561798
hotel_91,2023-06-19,0.9662921348314607,0.5617977528089888
hotel_91,2023-06-20,0.9662921348314607,0.9775280898876404
hotel_91,2023-06-21,0.9662921348314607,1.0
hotel_91,2023-06-22,0.9662921348314607,0.9550561797752809
hotel_91,2023-06-23,0.9662921348314607,0.9662921348314607
hotel_91,2023-06-24,0.9662921348314607,1.0674157303370786
hotel_91,2023-06-25,0.9662921348314607,1.0112359550561798
hotel_91,2023-06-26,0.9662921348314607,0.5617977528089888
hotel_91,2023-06-27,0.9662921348314607,0.9775280898876404
hotel_91,2023-06-28,0.9662921348314607,1.0
hotel_91,2023-06-29,0.9662921348314607,0.9550561797752809
hotel_91,2023-06-30,0.9662921348314607,0.9662921348314607
hotel_98,2023-06-03,0.16129032258064516,0.1693548387096774
hotel_98,2023-06-04,0.16129032258064516,0.08870967741935484
hotel_98,2023-06-05,0.16129032258064516,0.056451612903225805
hotel_98,2023-06-06,0.16129032258064516,0.04838709677419355
hotel_98,2023-06-07,0.16129032258064516,0.08870967741935484
hotel_98,2023-06-08,0.16129032258064516,0.11290322580645161
hotel_98,2023-06-09,0.16129032258064516,0.16129032258064516
hotel_98,2023-06-10,0.16129032258064516,0.1693548387096774
hotel_98,2023-06-11,0.16129032258064516,0.08870967741935484
hotel_98,2023-06-12,0.16129032258064516,0.056451612903225805
hotel_98,2023-06-13,0.16129032258064516,0.04838709677419355
hotel_98,2023-06-14,0.16129032258064516,0.08870967741935484
hotel_98,2023-06-15,0.16129032258064516,0.11290322580645161
hotel_98,2023-06-16,0.16129032258064516,0.16129032258064516
hotel_98,2023-06-17,0.16129032258064516,0.1693548387096774
hotel_98,2023-06-18,0.16129032258064516,0.08870967741935484
hotel_98,2023-06-19,0.16129032258064516,0.056451612903225805
hotel_98,2023-06-20,0.16129032258064516,0.04838709677419355
hotel_98,2023-06-21,0.16129032258064516,0.08870967741935484
hotel_98,2023-06-22,0.16129032258064516,0.11290322580645161
hotel_98,2023-06-23,0.16129032258064516,0.16129032258064516
hotel_98,2023-06-24,0.16129032258064516,0.1693548387096774
hotel_98,2023-06-25,0.16129032258064516,0.08870967741935484
hotel_98,2023-06-26,0.16129032258064516,0.056451612903225805
hotel_98,2023-06-27,0.16129032258064516,0.04838709677419355
hotel_98,2023-06-28,0.16129032258064516,0.08870967741935484
hotel_98,2023-06-29,0.16129032258064516,0.11290322580645161
hotel_98,2023-06-30,0.16129032258064516,0.16129032258064516
