unique_id,ds,LightGBM
hotel_0,2023-06-03,0.8224151316611482
hotel_0,2023-06-04,0.6019196955712045
hotel_0,2023-06-05,0.6146980783572703
hotel_0,2023-06-06,0.6051917678996791
hotel_0,2023-06-07,0.6010044897930559
hotel_0,2023-06-08,0.5852187159568434
hotel_0,2023-06-09,0.6831696480348082
hotel_0,2023-06-10,0.8198944083433126
hotel_0,2023-06-11,0.6027714823571992
hotel_0,2023-06-12,0.6866771866657985
hotel_0,2023-06-13,0.6548419554249086
hotel_0,2023-06-14,0.6757636998183887
hotel_0,2023-06-15,0.6614092911042193
hotel_0,2023-06-16,0.7148399486760189
hotel_0,2023-06-17,0.7932817871937046
hotel_0,2023-06-18,0.5916707901053945
hotel_0,2023-06-19,0.6053332319034533
hotel_0,2023-06-20,0.6720692284803712
hotel_0,2023-06-21,0.6958099806677448
hotel_0,2023-06-22,0.6921906496354384
hotel_0,2023-06-23,0.7563435267174837
hotel_0,2023-06-24,0.8158676501153871
hotel_0,2023-06-25,0.6124973429393967
hotel_0,2023-06-26,0.6411028121328533
hotel_0,2023-06-27,0.6837954554018656
hotel_0,2023-06-28,0.6894769685596854
hotel_0,2023-06-29,0.6941020992264514
hotel_0,2023-06-30,0.739054374721897
hotel_105,2023-06-03,0.9620680991127197
hotel_105,2023-06-04,0.8915137034475945
hotel_105,2023-06-05,0.9123265303100688
hotel_105,2023-06-06,0.9411349525908694
hotel_105,2023-06-07,0.9682353559987957
hotel_105,2023-06-08,0.9316267301910014
hotel_105,2023-06-09,0.9431456667637668
hotel_105,2023-06-10,0.9531259267334616
hotel_105,2023-06-11,0.861930355014923
hotel_105,2023-06-12,0.9026799770370745
hotel_105,2023-06-13,0.9114170266076606
hotel_105,2023-06-14,0.9471428677363803
hotel_105,2023-06-15,0.9264949198259442
hotel_105,2023-06-16,0.9279067753234409
hotel_105,2023-06-17,0.9444598457840756
hotel_105,2023-06-18,0.8722657967677148
hotel_105,2023-06-19,0.9026799770370745
hotel_105,2023-06-20,0.9144461116996397
hotel_105,2023-06-21,0.9307492378098234
hotel_105,2023-06-22,0.9227970418923656
hotel_105,2023-06-23,0.9330073746097598
hotel_105,2023-06-24,0.9477742797050507
hotel_105,2023-06-25,0.8686817185876152
hotel_105,2023-06-26,0.9004648867267883
hotel_105,2023-06-27,0.9136808808898739
hotel_105,2023-06-28,0.9028865781514069
hotel_105,2023-06-29,0.8930950801597431
hotel_105,2023-06-30,0.9147771656511177
hotel_112,2023-06-03,0.8475294421092057
hotel_112,2023-06-04,0.7922898465416403
hotel_112,2023-06-05,0.8608320209836411
hotel_112,2023-06-06,0.8976459053939749
hotel_112,2023-06-07,0.9242333357768178
hotel_112,2023-06-08,0.8909317110552072
hotel_112,2023-06-09,0.8880430757707558
hotel_112,2023-06-10,0.9014301918888207
hotel_112,2023-06-11,0.812102728733408
hotel_112,2023-06-12,0.8642844670698616
hotel_112,2023-06-13,0.864744373548866
hotel_112,2023-06-14,0.9122473405815359
hotel_112,2023-06-15,0.8543625638304007
hotel_112,2023-06-16,0.8724687214024109
hotel_112,2023-06-17,0.8947824568542423
hotel_112,2023-06-18,0.7271120157949688
hotel_112,2023-06-19,0.8056145000309397
hotel_112,2023-06-20,0.8614297514414552
hotel_112,2023-06-21,0.8891909178086354
hotel_112,2023-06-22,0.8833507845057041
hotel_112,2023-06-23,0.9082746387843347
hotel_112,2023-06-24,0.8829455732738792
hotel_112,2023-06-25,0.6989113884541137
hotel_112,2023-06-26,0.7669274232009574
hotel_112,2023-06-27,0.8092427786315487
hotel_112,2023-06-28,0.8384199900834335
hotel_112,2023-06-29,0.8431605729863924
hotel_112,2023-06-30,0.8771237455076532
hotel_126,2023-06-03,0.9866853986983153
hotel_126,2023-06-04,0.9413276904474946
hotel_126,2023-06-05,0.9536870707510436
hotel_126,2023-06-06,0.9560824906118714
hotel_126,2023-06-07,0.9640436639194606
hotel_126,2023-06-08,0.9204635729536137
hotel_126,2023-06-09,0.9661037098217148
hotel_126,2023-06-10,0.9692955278293022
hotel_126,2023-06-11,0.9198837788610202
hotel_126,2023-06-12,0.9355433953613025
hotel_126,2023-06-13,0.9463504688156509
hotel_126,2023-06-14,0.9497065908655947
hotel_126,2023-06-15,0.9327729429403654
hotel_126,2023-06-16,0.9597902970933829
hotel_126,2023-06-17,0.9667217919444209
hotel_126,2023-06-18,0.9206999763509494
hotel_126,2023-06-19,0.9337554906287886
hotel_126,2023-06-20,0.9416413675553544
hotel_126,2023-06-21,0.9500328555878976
hotel_126,2023-06-22,0.9333001516167525
hotel_126,2023-06-23,0.95010258094803
hotel_126,2023-06-24,0.9454670353389382
hotel_126,2023-06-25,0.8966568451017912
hotel_126,2023-06-26,0.9175949614005565
hotel_126,2023-06-27,0.9273810958573956
hotel_126,2023-06-28,0.9317676148991937
hotel_126,2023-06-29,0.9112103099956494
hotel_126,2023-06-30,0.9333428094224429
hotel_133,2023-06-03,0.9680965870792597
hotel_133,2023-06-04,0.8945360220547347
hotel_133,2023-06-05,0.9006552318299096
hotel_133,2023-06-06,0.9038170338719892
hotel_133,2023-06-07,0.9410458457323662
hotel_133,2023-06-08,0.9539580861210941
hotel_133,2023-06-09,0.9636660701628836
hotel_133,2023-06-10,0.9677149400502547
hotel_133,2023-06-11,0.8834977525944705
hotel_133,2023-06-12,0.8844202770784597
hotel_133,2023-06-13,0.8963388969342033
hotel_133,2023-06-14,0.915195941202029
hotel_133,2023-06-15,0.9285501807980593
hotel_133,2023-06-16,0.9443789839667541
hotel_133,2023-06-17,0.9548632530682034
hotel_133,2023-06-18,0.8770175707119537
hotel_133,2023-06-19,0.8966783118909917
hotel_133,2023-06-20,0.9068206269223426
hotel_133,2023-06-21,0.9219163594350215
hotel_133,2023-06-22,0.9271476829857707
hotel_133,2023-06-23,0.9399073031673397
hotel_133,2023-06-24,0.9579369878914545
hotel_133,2023-06-25,0.885902400217166
hotel_133,2023-06-26,0.9006562793796765
hotel_133,2023-06-27,0.9044804608734122
hotel_133,2023-06-28,0.9108984575795204
hotel_133,2023-06-29,0.913996848268853
hotel_133,2023-06-30,0.9220010140042929
hotel_14,2023-06-03,0.6609137597523678
hotel_14,2023-06-04,0.501023325961947
hotel_14,2023-06-05,0.532519797215772
hotel_14,2023-06-06,0.6082224013474465
hotel_14,2023-06-07,0.6133838508226948
hotel_14,2023-06-08,0.5996335485166718
hotel_14,2023-06-09,0.6376629728329047
hotel_14,2023-06-10,0.6912778192458253
hotel_14,2023-06-11,0.48787295710411854
hotel_14,2023-06-12,0.5309996880554284
hotel_14,2023-06-13,0.6336078122552057
hotel_14,2023-06-14,0.6668668220999119
hotel_14,2023-06-15,0.6711301983947873
hotel_14,2023-06-16,0.6840681760548808
hotel_14,2023-06-17,0.7028521628384836
hotel_14,2023-06-18,0.5027748215454252
hotel_14,2023-06-19,0.5349282956103097
hotel_14,2023-06-20,0.631521776780878
hotel_14,2023-06-21,0.6698686346734365
hotel_14,2023-06-22,0.673795054660389
hotel_14,2023-06-23,0.6968367397142441
hotel_14,2023-06-24,0.7199661600560832
hotel_14,2023-06-25,0.5529822568839663
hotel_14,2023-06-26,0.5269645804734038
hotel_14,2023-06-27,0.5858849632776579
hotel_14,2023-06-28,0.6424443924542781
hotel_14,2023-06-29,0.6642363539713804
hotel_14,2023-06-30,0.7094767111283476
hotel_21,2023-06-03,0.9864918651830676
hotel_21,2023-06-04,0.9460551732066248
hotel_21,2023-06-05,0.88437556575534
hotel_21,2023-06-06,0.8873903299218096
hotel_21,2023-06-07,0.8968033910359656
hotel_21,2023-06-08,0.8983786137581119
hotel_21,2023-06-09,0.9580562244309367
hotel_21,2023-06-10,0.9682186127796195
hotel_21,2023-06-11,0.9108547730773958
hotel_21,2023-06-12,0.9013846037212367
hotel_21,2023-06-13,0.876020303288255
hotel_21,2023-06-14,0.8518872792562753
hotel_21,2023-06-15,0.8759525462883654
hotel_21,2023-06-16,0.915854010285419
hotel_21,2023-06-17,0.9370054787205218
hotel_21,2023-06-18,0.896839874708619
hotel_21,2023-06-19,0.9118824154753987
hotel_21,2023-06-20,0.9054465963245445
hotel_21,2023-06-21,0.8968091786249655
hotel_21,2023-06-22,0.8869507616163084
hotel_21,2023-06-23,0.9214452152275636
hotel_21,2023-06-24,0.9247359867683824
hotel_21,2023-06-25,0.8523744788648587
hotel_21,2023-06-26,0.8788362623612086
hotel_21,2023-06-27,0.8915888011339105
hotel_21,2023-06-28,0.8951834984646961
hotel_21,2023-06-29,0.8880155214639621
hotel_21,2023-06-30,0.9196692502531509
hotel_28,2023-06-03,0.009190441163941482
hotel_28,2023-06-04,0.008263033000342137
hotel_28,2023-06-05,0.00829109313576005
hotel_28,2023-06-06,0.0091102586612411
hotel_28,2023-06-07,0.0091102586612411
hotel_28,2023-06-08,0.0091102586612411
hotel_28,2023-06-09,0.011623504413157227
hotel_28,2023-06-10,0.009190441163941482
hotel_28,2023-06-11,0.008263033000342137
hotel_28,2023-06-12,0.00829109313576005
hotel_28,2023-06-13,0.0091102586612411
hotel_28,2023-06-14,0.0091102586612411
hotel_28,2023-06-15,0.0091102586612411
hotel_28,2023-06-16,0.011623504413157227
hotel_28,2023-06-17,0.009190441163941482
hotel_28,2023-06-18,0.008263033000342137
hotel_28,2023-06-19,0.00829109313576005
hotel_28,2023-06-20,0.0091102586612411
hotel_28,2023-06-21,0.0091102586612411
hotel_28,2023-06-22,0.0091102586612411
hotel_28,2023-06-23,0.011623504413157227
hotel_28,2023-06-24,0.009190441163941482
hotel_28,2023-06-25,0.008263033000342137
hotel_28,2023-06-26,0.00829109313576005
hotel_28,2023-06-27,0.0091102586612411
hotel_28,2023-06-28,0.0091102586612411
hotel_28,2023-06-29,0.0091102586612411
hotel_28,2023-06-30,0.011623504413157227
hotel_35,2023-06-03,0.5780254490574745
hotel_35,2023-06-04,0.5207320573666312
hotel_35,2023-06-05,0.5944490944217853
hotel_35,2023-06-06,0.6832205641833501
hotel_35,2023-06-07,0.6989290448057186
hotel_35,2023-06-08,0.6766081778860283
hotel_35,2023-06-09,0.670163512284453
hotel_35,2023-06-10,0.6627750230593912
hotel_35,2023-06-11,0.5118835449670753
hotel_35,2023-06-12,0.616841610343216
hotel_35,2023-06-13,0.6953139581566167
hotel_35,2023-06-14,0.6942786414375839
hotel_35,2023-06-15,0.6873949526563253
hotel_35,2023-06-16,0.6845112457831126
hotel_35,2023-06-17,0.6670540657221005
hotel_35,2023-06-18,0.5005056443006061
hotel_35,2023-06-19,0.6089296275717326
hotel_35,2023-06-20,0.6844217122991249
hotel_35,2023-06-21,0.7063817599843584
hotel_35,2023-06-22,0.7002872490573342
hotel_35,2023-06-23,0.7058141059121612
hotel_35,2023-06-24,0.700200279931101
hotel_35,2023-06-25,0.5004045969349791
hotel_35,2023-06-26,0.6045617090186365
hotel_35,2023-06-27,0.6810043580948194
hotel_35,2023-06-28,0.6958144095851119
hotel_35,2023-06-29,0.6960519012018289
hotel_35,2023-06-30,0.7210099388032214
hotel_42,2023-06-03,0.7556068926955684
hotel_42,2023-06-04,0.652143646916244
hotel_42,2023-06-05,0.7183984417688174
hotel_42,2023-06-06,0.759379572637634
hotel_42,2023-06-07,0.6959028370809364
hotel_42,2023-06-08,0.6535706650122686
hotel_42,2023-06-09,0.7328673638138606
hotel_42,2023-06-10,0.8145752570388554
hotel_42,2023-06-11,0.6201894431054569
hotel_42,2023-06-12,0.6648418112994618
hotel_42,2023-06-13,0.6981501256404355
hotel_42,2023-06-14,0.6733388297510441
hotel_42,2023-06-15,0.659084679619512
hotel_42,2023-06-16,0.758108619902804
hotel_42,2023-06-17,0.8025261103874406
hotel_42,2023-06-18,0.6087844788537352
hotel_42,2023-06-19,0.6880684373192958
hotel_42,2023-06-20,0.7259682629457308
hotel_42,2023-06-21,0.76299700155638
hotel_42,2023-06-22,0.7514910544143973
hotel_42,2023-06-23,0.8143972225606768
hotel_42,2023-06-24,0.8554235285409223
hotel_42,2023-06-25,0.6471159955392422
hotel_42,2023-06-26,0.6561483637184968
hotel_42,2023-06-27,0.7122823386836027
hotel_42,2023-06-28,0.733177050559956
hotel_42,2023-06-29,0.7584164371152025
hotel_42,2023-06-30,0.7891881096356311
hotel_49,2023-06-03,0.7778012746994029
hotel_49,2023-06-04,0.6035299109150178
hotel_49,2023-06-05,0.6072822197964255
hotel_49,2023-06-06,0.6328209247533275
hotel_49,2023-06-07,0.6559501956098435
hotel_49,2023-06-08,0.6713832103601044
hotel_49,2023-06-09,0.7024094746690319
hotel_49,2023-06-10,0.7103720401988519
hotel_49,2023-06-11,0.5862007189498997
hotel_49,2023-06-12,0.6294105799513475
hotel_49,2023-06-13,0.6701366221551461
hotel_49,2023-06-14,0.6977837182957135
hotel_49,2023-06-15,0.6964377491924033
hotel_49,2023-06-16,0.7374092128593244
hotel_49,2023-06-17,0.7960344812637278
hotel_49,2023-06-18,0.6012358784060045
hotel_49,2023-06-19,0.67529666633978
hotel_49,2023-06-20,0.7070921323836008
hotel_49,2023-06-21,0.7117693832175925
hotel_49,2023-06-22,0.7118323090345272
hotel_49,2023-06-23,0.7358802174069969
hotel_49,2023-06-24,0.7750376326069744
hotel_49,2023-06-25,0.6019454996215946
hotel_49,2023-06-26,0.6664432454128415
hotel_49,2023-06-27,0.7082181572563031
hotel_49,2023-06-28,0.725202964588106
hotel_49,2023-06-29,0.7489347980174872
hotel_49,2023-06-30,0.7852101764017427
hotel_56,2023-06-03,0.9509683760209497
hotel_56,2023-06-04,0.7588704271706654
hotel_56,2023-06-05,0.7849728778180363
hotel_56,2023-06-06,0.836456042871889
hotel_56,2023-06-07,0.8432897629333188
hotel_56,2023-06-08,0.8562836093244613
hotel_56,2023-06-09,0.9031371648141572
hotel_56,2023-06-10,0.9219174809144541
hotel_56,2023-06-11,0.7660896983406311
hotel_56,2023-06-12,0.7461265680173964
hotel_56,2023-06-13,0.7949381215881247
hotel_56,2023-06-14,0.8068820966390751
hotel_56,2023-06-15,0.8202023340257267
hotel_56,2023-06-16,0.8937958813745397
hotel_56,2023-06-17,0.9183424549955816
hotel_56,2023-06-18,0.7273621470344838
hotel_56,2023-06-19,0.7832378245330968
hotel_56,2023-06-20,0.8242989007770695
hotel_56,2023-06-21,0.8188727874883509
hotel_56,2023-06-22,0.8129265139209005
hotel_56,2023-06-23,0.8772425387643276
hotel_56,2023-06-24,0.8842758399163988
hotel_56,2023-06-25,0.680923624271199
hotel_56,2023-06-26,0.7198905499146708
hotel_56,2023-06-27,0.7800423441843691
hotel_56,2023-06-28,0.8021845644296015
hotel_56,2023-06-29,0.8020625747958486
hotel_56,2023-06-30,0.8719745180453574
hotel_63,2023-06-03,0.8607927911768561
hotel_63,2023-06-04,0.7169314202877993
hotel_63,2023-06-05,0.7634766567133945
hotel_63,2023-06-06,0.809932107549734
hotel_63,2023-06-07,0.8151227413924892
hotel_63,2023-06-08,0.7840774003591444
hotel_63,2023-06-09,0.8472482400311698
hotel_63,2023-06-10,0.8909218588499703
hotel_63,2023-06-11,0.6387918548106535
hotel_63,2023-06-12,0.6519110979712233
hotel_63,2023-06-13,0.7287789915108276
hotel_63,2023-06-14,0.7625972145241757
hotel_63,2023-06-15,0.7575132704365815
hotel_63,2023-06-16,0.7900819336069099
hotel_63,2023-06-17,0.850087936230101
hotel_63,2023-06-18,0.6552529763175888
hotel_63,2023-06-19,0.7290459253849508
hotel_63,2023-06-20,0.7835350772040017
hotel_63,2023-06-21,0.7991730594038428
hotel_63,2023-06-22,0.7911183121594633
hotel_63,2023-06-23,0.8458906801824465
hotel_63,2023-06-24,0.8752671769022141
hotel_63,2023-06-25,0.6443345136746148
hotel_63,2023-06-26,0.6954053682624849
hotel_63,2023-06-27,0.7230932712495279
hotel_63,2023-06-28,0.76049419544508
hotel_63,2023-06-29,0.7550483593335366
hotel_63,2023-06-30,0.7966887350317408
hotel_7,2023-06-03,0.7876941733514945
hotel_7,2023-06-04,0.5732564861630058
hotel_7,2023-06-05,0.5596873210882617
hotel_7,2023-06-06,0.5956772194233948
hotel_7,2023-06-07,0.6662267592330373
hotel_7,2023-06-08,0.7050146390803536
hotel_7,2023-06-09,0.7627753762963073
hotel_7,2023-06-10,0.7966804020559066
hotel_7,2023-06-11,0.6062696530573997
hotel_7,2023-06-12,0.6428700479038104
hotel_7,2023-06-13,0.6597961371375589
hotel_7,2023-06-14,0.6932464708217277
hotel_7,2023-06-15,0.7106565378918499
hotel_7,2023-06-16,0.7571691045913588
hotel_7,2023-06-17,0.7816221793753075
hotel_7,2023-06-18,0.5980755286425725
hotel_7,2023-06-19,0.6002268837755865
hotel_7,2023-06-20,0.6380324143825123
hotel_7,2023-06-21,0.6930136768490507
hotel_7,2023-06-22,0.7060022444632876
hotel_7,2023-06-23,0.7483884424312849
hotel_7,2023-06-24,0.7859521237690179
hotel_7,2023-06-25,0.6145367154299537
hotel_7,2023-06-26,0.6626565887880372
hotel_7,2023-06-27,0.7108285434418442
hotel_7,2023-06-28,0.7250106289610576
hotel_7,2023-06-29,0.7524156906594163
hotel_7,2023-06-30,0.7910825626731721
hotel_70,2023-06-03,0.4913891396057435
hotel_70,2023-06-04,0.43499027750284364
hotel_70,2023-06-05,0.433290333648777
hotel_70,2023-06-06,0.42144213042434064
hotel_70,2023-06-07,0.4334128862972655
hotel_70,2023-06-08,0.46607974037597055
hotel_70,2023-06-09,0.5050514450869205
hotel_70,2023-06-10,0.5092786833717591
hotel_70,2023-06-11,0.4467281835228578
hotel_70,2023-06-12,0.4517270293288967
hotel_70,2023-06-13,0.4668331806078206
hotel_70,2023-06-14,0.47102701985238515
hotel_70,2023-06-15,0.5012324536390642
hotel_70,2023-06-16,0.5391960191517036
hotel_70,2023-06-17,0.5436652913824292
hotel_70,2023-06-18,0.4539258528622138
hotel_70,2023-06-19,0.4536628908242338
hotel_70,2023-06-20,0.4709695987828347
hotel_70,2023-06-21,0.46898672108366707
hotel_70,2023-06-22,0.4710646663916742
hotel_70,2023-06-23,0.4950513279054866
hotel_70,2023-06-24,0.5134726345439857
hotel_70,2023-06-25,0.4494671099654277
hotel_70,2023-06-26,0.42809248967220614
hotel_70,2023-06-27,0.43671516830846857
hotel_70,2023-06-28,0.4375759225509134
hotel_70,2023-06-29,0.43546342134457255
hotel_70,2023-06-30,0.47012576511720877
hotel_77,2022-12-27,0.008965742059231632
hotel_77,2022-12-28,0.008965742059231632
hotel_77,2022-12-29,0.008965742059231632
hotel_77,2022-12-30,0.01147898781114776
hotel_77,2022-12-31,0.009045924561932015
hotel_77,2023-01-01,0.0073702415960541735
hotel_77,2023-01-02,0.007398301731472083
hotel_77,2023-01-03,0.008217467256953132
hotel_77,2023-01-04,0.008217467256953132
hotel_77,2023-01-05,0.008217467256953132
hotel_77,2023-01-06,0.01291891634593658
hotel_77,2023-01-07,0.008297649759653514
hotel_77,2023-01-08,0.0073702415960541735
hotel_77,2023-01-09,0.007398301731472083
hotel_77,2023-01-10,0.008217467256953132
hotel_77,2023-01-11,0.008217467256953132
hotel_77,2023-01-12,0.008217467256953132
hotel_77,2023-01-13,0.01291891634593658
hotel_77,2023-01-14,0.008297649759653514
hotel_77,2023-01-15,0.0073702415960541735
hotel_77,2023-01-16,0.007398301731472083
hotel_77,2023-01-17,0.008217467256953132
hotel_77,2023-01-18,0.008217467256953132
hotel_77,2023-01-19,0.008217467256953132
hotel_77,2023-01-20,0.01291891634593658
hotel_77,2023-01-21,0.008297649759653514
hotel_77,2023-01-22,0.0073702415960541735
hotel_77,2023-01-23,0.007398301731472083
hotel_84,2023-06-03,0.9156472211684107
hotel_84,2023-06-04,0.7896427379287997
hotel_84,2023-06-05,0.8341449389229098
hotel_84,2023-06-06,0.8571786521440677
hotel_84,2023-06-07,0.8468349674260406
hotel_84,2023-06-08,0.8339263137329391
hotel_84,2023-06-09,0.8789834845948451
hotel_84,2023-06-10,0.9127915806930337
hotel_84,2023-06-11,0.7778179928302557
hotel_84,2023-06-12,0.8266477151477024
hotel_84,2023-06-13,0.8714667970796469
hotel_84,2023-06-14,0.8635715844649625
hotel_84,2023-06-15,0.8599971831398203
hotel_84,2023-06-16,0.8881601132745014
hotel_84,2023-06-17,0.9055660291072983
hotel_84,2023-06-18,0.758784631464034
hotel_84,2023-06-19,0.7926826484197449
hotel_84,2023-06-20,0.8512475926251957
hotel_84,2023-06-21,0.8618538630505514
hotel_84,2023-06-22,0.8655715145058275
hotel_84,2023-06-23,0.884850940778775
hotel_84,2023-06-24,0.8995559850908242
hotel_84,2023-06-25,0.7320000193907061
hotel_84,2023-06-26,0.7859655040771397
hotel_84,2023-06-27,0.823465923745853
hotel_84,2023-06-28,0.8298881735111406
hotel_84,2023-06-29,0.8387062990762022
hotel_84,2023-06-30,0.8815894523924249
hotel_91,2023-06-03,0.9702414561438334
hotel_91,2023-06-04,0.8788738385235607
hotel_91,2023-06-05,0.8771254508042516
hotel_91,2023-06-06,0.9354090588226871
hotel_91,2023-06-07,0.9592510425827712
hotel_91,2023-06-08,0.9292387234423057
hotel_91,2023-06-09,0.9346369904829095
hotel_91,2023-06-10,0.9635454811208384
hotel_91,2023-06-11,0.8946370318782138
hotel_91,2023-06-12,0.8807955715129507
hotel_91,2023-06-13,0.928225929991989
hotel_91,2023-06-14,0.925264548113868
hotel_91,2023-06-15,0.9134977962218874
hotel_91,2023-06-16,0.9287602423066859
hotel_91,2023-06-17,0.9443273551936777
hotel_91,2023-06-18,0.8692028068263568
hotel_91,2023-06-19,0.901710557406831
hotel_91,2023-06-20,0.9030355709342651
hotel_91,2023-06-21,0.9235814385575782
hotel_91,2023-06-22,0.9068366885343565
hotel_91,2023-06-23,0.9145206971562705
hotel_91,2023-06-24,0.9177362260525467
hotel_91,2023-06-25,0.8163496477194687
hotel_91,2023-06-26,0.8463045569931769
hotel_91,2023-06-27,0.8831947152655809
hotel_91,2023-06-28,0.9086775796802343
hotel_91,2023-06-29,0.8929872813980009
hotel_91,2023-06-30,0.9144591745800184
hotel_98,2023-06-03,0.20335252361672385
hotel_98,2023-06-04,0.1620260902266536
hotel_98,2023-06-05,0.1771872565381644
hotel_98,2023-06-06,0.19305574003154757
hotel_98,2023-06-07,0.20463144807664813
hotel_98,2023-06-08,0.22059850585036622
hotel_98,2023-06-09,0.2414800956055471
hotel_98,2023-06-10,0.28323863261230875
hotel_98,2023-06-11,0.17770646311927515
hotel_98,2023-06-12,0.1955842185142084
hotel_98,2023-06-13,0.2267108915164195
hotel_98,2023-06-14,0.2273489001067982
hotel_98,2023-06-15,0.25074135369830275
hotel_98,2023-06-16,0.29687277897619546
hotel_98,2023-06-17,0.32289641442668787
hotel_98,2023-06-18,0.20408794568326027
hotel_98,2023-06-19,0.21867892545029122
hotel_98,2023-06-20,0.24241449725810862
hotel_98,2023-06-21,0.2774009835185819
hotel_98,2023-06-22,0.29062707135983934
hotel_98,2023-06-23,0.3308771389177387
hotel_98,2023-06-24,0.3569424336309639
hotel_98,2023-06-25,0.215754642198433
hotel_98,2023-06-26,0.22980001344363912
hotel_98,2023-06-27,0.23891294341268857
hotel_98,2023-06-28,0.2610931117576466
hotel_98,2023-06-29,0.31864778473850824
hotel_98,2023-06-30,0.3506332429599804
